"DESCRIPTION","DURATION IN MS","NAME","PARENT SUITE","START TIME","STATUS","STOP TIME","SUB SUITE","SUITE","TEST CLASS","TEST METHOD"
"","16674","ONEVIEW-381: Validate Last Updated Date @regression","chromium","Mon Mar 02 17:23:30 IST 2026","passed","Mon Mar 02 17:23:47 IST 2026","Risk Stratification - Regression @regression","regression\RiskStratification.spec.js","",""
"","19850","ONEVIEW-332: Verify modal title and layout @regression","chromium","Mon Mar 02 17:20:52 IST 2026","passed","Mon Mar 02 17:21:12 IST 2026","Recent Visits / Encounters - Regression @regression","regression\RecentVisits.spec.js","",""
"","17008","ONEVIEW-350: Verify sorting by Last Dose Date (descending) @regression","chromium","Mon Mar 02 17:07:50 IST 2026","passed","Mon Mar 02 17:08:07 IST 2026","Immunizations - Regression @regression","regression\Immunizations.spec.js","",""
"","22232","ONEVIEW-37: Verify Important cards display highlighted style","chromium","Mon Mar 02 17:01:37 IST 2026","passed","Mon Mar 02 17:01:59 IST 2026","Dynamic Dashboard - Regression @regression","regression\DynamicDashboard.spec.js","",""
"","19954","ONEVIEW-417: Smoke_Validate opening of modal on clicking ""View All"" @smoke","smoke","Mon Mar 02 16:34:57 IST 2026","passed","Mon Mar 02 16:35:17 IST 2026","Drill Down Referrals - Smoke Tests","smoke\ModalReferrals.spec.js","",""
"","39415","ONEVIEW-479: Smoke_Screen resolution responsiveness @smoke","smoke","Mon Mar 02 16:37:36 IST 2026","failed","Mon Mar 02 16:38:16 IST 2026","Drill Down Risk Stratification Card - Smoke Tests","smoke\ModalRiskStratification.spec.js","",""
"","23015","ONEVIEW-119: Verify hover behavior on ""View All"" link","chromium","Mon Mar 02 17:15:42 IST 2026","passed","Mon Mar 02 17:16:05 IST 2026","Medication Fill History - Regression @regression","regression\MedicationFillHistory.spec.js","",""
"","23730","ONEVIEW-99: Verify ""Medication Fill History"" card title","chromium","Mon Mar 02 17:13:40 IST 2026","passed","Mon Mar 02 17:14:04 IST 2026","Medication Fill History - Regression @regression","regression\MedicationFillHistory.spec.js","",""
"","14674","ONEVIEW-392: Validate graph correctness for timeline @regression","chromium","Mon Mar 02 17:24:18 IST 2026","passed","Mon Mar 02 17:24:33 IST 2026","Risk Stratification - Regression @regression","regression\RiskStratification.spec.js","",""
"","13519","ONEVIEW-147: Verify Address fields display correctly @smoke","smoke","Mon Mar 02 16:28:49 IST 2026","passed","Mon Mar 02 16:29:02 IST 2026","Demographics Card - Smoke Tests","smoke\Demographics.spec.js","",""
"","15665","ONEVIEW-365: Verify refresh on patient switch @smoke","smoke","Mon Mar 02 16:27:08 IST 2026","passed","Mon Mar 02 16:27:24 IST 2026","Care Gaps - Smoke Tests","smoke\CareGaps.spec.js","",""
"","3660","Orientation Change - Portrait to Landscape","chromium","Mon Mar 02 17:10:08 IST 2026","passed","Mon Mar 02 17:10:11 IST 2026","Login Page - Responsive Design Tests @regression > Dynamic Responsive Behaviors","regression\LoginResponsive.spec.js","",""
"","13678","ONEVIEW-232: Verify Card Header Title","chromium","Mon Mar 02 17:25:06 IST 2026","passed","Mon Mar 02 17:25:19 IST 2026","SDOH Barriers - Regression @regression","regression\SDOHBarriers.spec.js","",""
"","24824","ONEVIEW-133: Verify Modal Close Behavior","chromium","Mon Mar 02 17:17:09 IST 2026","passed","Mon Mar 02 17:17:34 IST 2026","Patient Referrals - Regression @regression","regression\PatientReferrals.spec.js","",""
"","11802","ONEVIEW-155: Verify PCP card loads successfully with all fields @smoke","smoke","Mon Mar 02 16:35:30 IST 2026","passed","Mon Mar 02 16:35:42 IST 2026","PCP Card - Smoke Tests","smoke\PCPCard.spec.js","",""
"","13704","ONEVIEW-309: Verify read-only behavior @smoke","smoke","Mon Mar 02 16:29:55 IST 2026","passed","Mon Mar 02 16:30:09 IST 2026","Medical Diagnoses - Smoke Tests","smoke\MedicalDiagnoses.spec.js","",""
"","25457","ONEVIEW-132: Verify Modal Structure","chromium","Mon Mar 02 17:16:51 IST 2026","passed","Mon Mar 02 17:17:17 IST 2026","Patient Referrals - Regression @regression","regression\PatientReferrals.spec.js","",""
"","13838","ONEVIEW-122: Verify that multiple classes cannot be selected in Select Class dropdown","chromium","Mon Mar 02 17:16:05 IST 2026","passed","Mon Mar 02 17:16:19 IST 2026","Medication Fill History - Regression @regression","regression\MedicationFillHistory.spec.js","",""
"","19171","ONEVIEW-317: Verify display of ""--"" for FALSE flags @regression","chromium","Mon Mar 02 16:52:27 IST 2026","passed","Mon Mar 02 16:52:46 IST 2026","Behavioral Health Diagnoses - Regression @regression","regression\BehavioralHealthDiagnoses.spec.js","",""
"","22292","ONEVIEW-292: Handle missing patient record @regression","chromium","Mon Mar 02 17:00:24 IST 2026","passed","Mon Mar 02 17:00:46 IST 2026","Cost / Utilization - Regression @regression","regression\CostUtilization.spec.js","",""
"","20504","ONEVIEW-174: Verify ""—"" Display for Missing Data","chromium","Mon Mar 02 16:57:35 IST 2026","passed","Mon Mar 02 16:57:56 IST 2026","Care Management Information - Regression @regression","regression\CareManagement.spec.js","",""
"","18017","ONEVIEW-180: Verify Date Format Consistency","chromium","Mon Mar 02 16:58:17 IST 2026","passed","Mon Mar 02 16:58:35 IST 2026","Care Management Information - Regression @regression","regression\CareManagement.spec.js","",""
"","28299","ONEVIEW-339: Verify no results message @regression","chromium","Mon Mar 02 17:21:37 IST 2026","passed","Mon Mar 02 17:22:05 IST 2026","Recent Visits / Encounters - Regression @regression","regression\RecentVisits.spec.js","",""
"","16278","ONEVIEW-139: Verify Filter + Search Combination","chromium","Mon Mar 02 17:18:02 IST 2026","passed","Mon Mar 02 17:18:18 IST 2026","Patient Referrals - Regression @regression","regression\PatientReferrals.spec.js","",""
"","21274","ONEVIEW-305: Verify alignment and spacing @regression","chromium","Mon Mar 02 17:11:36 IST 2026","passed","Mon Mar 02 17:11:58 IST 2026","Medical Diagnoses - Regression @regression","regression\MedicalDiagnoses.spec.js","",""
"","21722","ONEVIEW-353: Verify card title @regression","chromium","Mon Mar 02 17:08:10 IST 2026","passed","Mon Mar 02 17:08:32 IST 2026","Immunizations - Regression @regression","regression\Immunizations.spec.js","",""
"","37284","ONEVIEW-41: Verify error handling within individual card","chromium","Mon Mar 02 17:02:03 IST 2026","passed","Mon Mar 02 17:02:40 IST 2026","Dynamic Dashboard - Regression @regression","regression\DynamicDashboard.spec.js","",""
"","24623","ONEVIEW-348: Verify vaccine name display @regression","chromium","Mon Mar 02 17:07:23 IST 2026","passed","Mon Mar 02 17:07:48 IST 2026","Immunizations - Regression @regression","regression\Immunizations.spec.js","",""
"","15845","ONEVIEW-15: Verify search by DOB + Last Name (valid) @smoke","smoke","Mon Mar 02 16:39:14 IST 2026","passed","Mon Mar 02 16:39:30 IST 2026","Search - Smoke Tests","smoke\Search.spec.js","",""
"","18064","ONEVIEW-334: Smoke_Verify search functionality by Facility Name @smoke","smoke","Mon Mar 02 16:33:18 IST 2026","passed","Mon Mar 02 16:33:36 IST 2026","Drill Down Recent Visits - Smoke Tests","smoke\ModalRecentVisits.spec.js","",""
"","32703","ONEVIEW-43: Verify layout persists on refresh","chromium","Mon Mar 02 17:02:40 IST 2026","passed","Mon Mar 02 17:03:13 IST 2026","Dynamic Dashboard - Regression @regression","regression\DynamicDashboard.spec.js","",""
"","19215","ONEVIEW-378: Validate tooltip preview on hover @regression","chromium","Mon Mar 02 16:55:54 IST 2026","passed","Mon Mar 02 16:56:13 IST 2026","Care Gaps - Regression @regression","regression\CareGaps.spec.js","",""
"","15014","ONEVIEW-73: Verify second last name does not allow patient search","chromium","Mon Mar 02 17:27:13 IST 2026","passed","Mon Mar 02 17:27:28 IST 2026","Search Patient - Regression @regression","regression\SearchPatient.spec.js","",""
"","11782","ONEVIEW-156: Verify PCP Address fields visibility @smoke","smoke","Mon Mar 02 16:35:42 IST 2026","passed","Mon Mar 02 16:35:53 IST 2026","PCP Card - Smoke Tests","smoke\PCPCard.spec.js","",""
"","18767","ONEVIEW-320: Verify card title @regression","chromium","Mon Mar 02 16:52:59 IST 2026","passed","Mon Mar 02 16:53:18 IST 2026","Behavioral Health Diagnoses - Regression @regression","regression\BehavioralHealthDiagnoses.spec.js","",""
"","14600","ONEVIEW-344: Verify data display when some fields are null @regression","chromium","Mon Mar 02 17:22:34 IST 2026","passed","Mon Mar 02 17:22:49 IST 2026","Recent Visits / Encounters - Regression @regression","regression\RecentVisits.spec.js","",""
"","13870","ONEVIEW-182: Verify Data Source Mapping @smoke","smoke","Mon Mar 02 16:28:15 IST 2026","passed","Mon Mar 02 16:28:29 IST 2026","Care Management - Smoke Tests","smoke\CareManagement.spec.js","",""
"","20178","ONEVIEW-116: Verify user can select specific time value","chromium","Mon Mar 02 17:15:06 IST 2026","passed","Mon Mar 02 17:15:27 IST 2026","Medication Fill History - Regression @regression","regression\MedicationFillHistory.spec.js","",""
"","18516","ONEVIEW-370: Verify layout per Figma @regression","chromium","Mon Mar 02 16:54:45 IST 2026","passed","Mon Mar 02 16:55:04 IST 2026","Care Gaps - Regression @regression","regression\CareGaps.spec.js","",""
"","20409","ONEVIEW-318: Verify alphabetical order when >10 conditions @regression","chromium","Mon Mar 02 16:52:39 IST 2026","passed","Mon Mar 02 16:52:59 IST 2026","Behavioral Health Diagnoses - Regression @regression","regression\BehavioralHealthDiagnoses.spec.js","",""
"","29792","ONEVIEW-273: Functional_Verify Filter and Search Combined @regression","chromium","Mon Mar 02 16:49:53 IST 2026","passed","Mon Mar 02 16:50:22 IST 2026","ADT Alerts - Regression @regression","regression\ADTAlerts.spec.js","",""
"","22368","ONEVIEW-97: Verify table column names and order","chromium","Mon Mar 02 17:13:17 IST 2026","passed","Mon Mar 02 17:13:40 IST 2026","Medication Fill History - Regression @regression","regression\MedicationFillHistory.spec.js","",""
"","22038","ONEVIEW-115: Ensure filters reset after closing modal","chromium","Mon Mar 02 17:14:59 IST 2026","passed","Mon Mar 02 17:15:21 IST 2026","Medication Fill History - Regression @regression","regression\MedicationFillHistory.spec.js","",""
"","21029","ONEVIEW-20: Verify DOB input validation","chromium","Mon Mar 02 17:26:27 IST 2026","passed","Mon Mar 02 17:26:48 IST 2026","Search Patient - Regression @regression","regression\SearchPatient.spec.js","",""
"","15304","ONEVIEW-329: Verify table alignment and spacing per Figma @regression","chromium","Mon Mar 02 17:20:47 IST 2026","passed","Mon Mar 02 17:21:02 IST 2026","Recent Visits / Encounters - Regression @regression","regression\RecentVisits.spec.js","",""
"","15787","ONEVIEW-125: Verify Sorting by Referral Date","chromium","Mon Mar 02 17:16:18 IST 2026","passed","Mon Mar 02 17:16:34 IST 2026","Patient Referrals - Regression @regression","regression\PatientReferrals.spec.js","",""
"","22499","ONEVIEW-142: Smoke_Verify Scroll Functionality @smoke","smoke","Mon Mar 02 16:34:35 IST 2026","passed","Mon Mar 02 16:34:57 IST 2026","Drill Down Referrals - Smoke Tests","smoke\ModalReferrals.spec.js","",""
"","24101","ONEVIEW-86: Verify Card Header Details","chromium","Mon Mar 02 17:06:00 IST 2026","passed","Mon Mar 02 17:06:24 IST 2026","Health Plan Card - Regression @regression","regression\HealthPlan.spec.js","",""
"","19114","ONEVIEW-108: Verify empty state message","chromium","Mon Mar 02 17:14:04 IST 2026","passed","Mon Mar 02 17:14:23 IST 2026","Medication Fill History - Regression @regression","regression\MedicationFillHistory.spec.js","",""
"","12009","ONEVIEW-93: Verify data retrieval from Rx_Claims table @smoke","smoke","Mon Mar 02 16:30:36 IST 2026","passed","Mon Mar 02 16:30:48 IST 2026","Medication Fill History - Smoke Tests","smoke\MedicationFillHistory.spec.js","",""
"","14083","ONEVIEW-326: Verify displayed columns @smoke","smoke","Mon Mar 02 16:35:53 IST 2026","passed","Mon Mar 02 16:36:08 IST 2026","Recent Visits - Smoke Tests","smoke\RecentVisits.spec.js","",""
"","27523","ONEVIEW-360: Validate Last Dose Date format (MM/DD/YYYY) @regression","chromium","Mon Mar 02 17:09:04 IST 2026","passed","Mon Mar 02 17:09:32 IST 2026","Immunizations - Regression @regression","regression\Immunizations.spec.js","",""
"","12556","ONEVIEW-330: Verify ""View All"" link visibility @smoke","smoke","Mon Mar 02 16:36:08 IST 2026","passed","Mon Mar 02 16:36:20 IST 2026","Recent Visits - Smoke Tests","smoke\RecentVisits.spec.js","",""
"","41348","ONEVIEW-333: Smoke_Verify timeline selector presence @smoke","smoke","Mon Mar 02 16:32:33 IST 2026","failed","Mon Mar 02 16:33:14 IST 2026","Drill Down Recent Visits - Smoke Tests","smoke\ModalRecentVisits.spec.js","",""
"","14833","ONEVIEW-63: Verify initials derived from first/last name, ignoring title","chromium","Mon Mar 02 17:19:59 IST 2026","passed","Mon Mar 02 17:20:14 IST 2026","PCP Card - Regression @regression","regression\PCPCard.spec.js","",""
"","17886","ONEVIEW-129: Verify Card Title","chromium","Mon Mar 02 17:16:51 IST 2026","passed","Mon Mar 02 17:17:09 IST 2026","Patient Referrals - Regression @regression","regression\PatientReferrals.spec.js","",""
"","18562","ONEVIEW-77: Mode Persistence on Refresh","chromium","Mon Mar 02 17:04:26 IST 2026","passed","Mon Mar 02 17:04:44 IST 2026","Dynamic Dashboard - Regression @regression","regression\DynamicDashboard.spec.js","",""
"","18000","ONEVIEW-138: Verify Timeline Filter Functionality","chromium","Mon Mar 02 17:17:52 IST 2026","passed","Mon Mar 02 17:18:10 IST 2026","Patient Referrals - Regression @regression","regression\PatientReferrals.spec.js","",""
"","28636","ONEVIEW-342: Verify modal dismissibility without page reload @regression","chromium","Mon Mar 02 17:22:05 IST 2026","passed","Mon Mar 02 17:22:34 IST 2026","Recent Visits / Encounters - Regression @regression","regression\RecentVisits.spec.js","",""
"","15305","ONEVIEW-52: Verify PCP address formatted correctly with both lines","chromium","Mon Mar 02 17:18:50 IST 2026","passed","Mon Mar 02 17:19:05 IST 2026","PCP Card - Regression @regression","regression\PCPCard.spec.js","",""
"","34555","ONEVIEW-92: Verify Health Plan Card Load Time","chromium","Mon Mar 02 17:07:15 IST 2026","passed","Mon Mar 02 17:07:50 IST 2026","Health Plan Card - Regression @regression","regression\HealthPlan.spec.js","",""
"","23588","ONEVIEW-277: Edge_Verify Filter Reset After Reopen @regression","chromium","Mon Mar 02 16:50:55 IST 2026","passed","Mon Mar 02 16:51:18 IST 2026","ADT Alerts - Regression @regression","regression\ADTAlerts.spec.js","",""
"","22135","ONEVIEW-410: Modal close via Close icon @smoke","smoke","Mon Mar 02 16:32:32 IST 2026","passed","Mon Mar 02 16:32:54 IST 2026","Drill Down Medication Fill History - Smoke Tests","smoke\ModalMedicationFillHistory.spec.js","",""
"","12093","ONEVIEW-110: Verify Medication Fill History Card Loads @smoke","smoke","Mon Mar 02 16:30:24 IST 2026","passed","Mon Mar 02 16:30:36 IST 2026","Medication Fill History - Smoke Tests","smoke\MedicationFillHistory.spec.js","",""
"","27108","ONEVIEW-76: Persist Dark Mode After Logout/Login","chromium","Mon Mar 02 17:03:59 IST 2026","passed","Mon Mar 02 17:04:26 IST 2026","Dynamic Dashboard - Regression @regression","regression\DynamicDashboard.spec.js","",""
"","38693","ONEVIEW-331: Smoke_Verify ""View All"" link click opens modal @smoke","smoke","Mon Mar 02 16:31:49 IST 2026","failed","Mon Mar 02 16:32:28 IST 2026","Drill Down Recent Visits - Smoke Tests","smoke\ModalRecentVisits.spec.js","",""
"","19705","ONEVIEW-166: Verify Care Manager Name Display","chromium","Mon Mar 02 16:56:21 IST 2026","passed","Mon Mar 02 16:56:40 IST 2026","Care Management Information - Regression @regression","regression\CareManagement.spec.js","",""
"","25029","ONEVIEW-266: Functional_Verify Record Sorting @regression","chromium","Mon Mar 02 16:48:16 IST 2026","passed","Mon Mar 02 16:48:41 IST 2026","ADT Alerts - Regression @regression","regression\ADTAlerts.spec.js","",""
"","12558","ONEVIEW-22: Verify Demographics card loads @smoke","smoke","Mon Mar 02 16:28:22 IST 2026","passed","Mon Mar 02 16:28:35 IST 2026","Demographics Card - Smoke Tests","smoke\Demographics.spec.js","",""
"","29014","ONEVIEW-274: Functional_Verify Default Timeline @regression","chromium","Mon Mar 02 16:50:21 IST 2026","passed","Mon Mar 02 16:50:50 IST 2026","ADT Alerts - Regression @regression","regression\ADTAlerts.spec.js","",""
"","19586","ONEVIEW-321: Verify grid layout of card @regression","chromium","Mon Mar 02 16:53:06 IST 2026","passed","Mon Mar 02 16:53:25 IST 2026","Behavioral Health Diagnoses - Regression @regression","regression\BehavioralHealthDiagnoses.spec.js","",""
"","21453","ONEVIEW-363: Verify sorting by Claims_Date (ascending) @regression","chromium","Mon Mar 02 16:53:44 IST 2026","passed","Mon Mar 02 16:54:05 IST 2026","Care Gaps - Regression @regression","regression\CareGaps.spec.js","",""
"","18753","ONEVIEW-120: Verify filter can be applied after search","chromium","Mon Mar 02 17:15:46 IST 2026","passed","Mon Mar 02 17:16:05 IST 2026","Medication Fill History - Regression @regression","regression\MedicationFillHistory.spec.js","",""
"","19238","ONEVIEW-315: Verify display of TRUE flagged behavioral health conditions @regression","chromium","Mon Mar 02 16:52:02 IST 2026","passed","Mon Mar 02 16:52:21 IST 2026","Behavioral Health Diagnoses - Regression @regression","regression\BehavioralHealthDiagnoses.spec.js","",""
"","9565","ONEVIEW-21: Verify UI alignment and consistency","chromium","Mon Mar 02 17:26:27 IST 2026","passed","Mon Mar 02 17:26:36 IST 2026","Search Patient - Regression @regression","regression\SearchPatient.spec.js","",""
"","19585","ONEVIEW-295: Validate consistent currency format @regression","chromium","Mon Mar 02 17:00:58 IST 2026","passed","Mon Mar 02 17:01:18 IST 2026","Cost / Utilization - Regression @regression","regression\CostUtilization.spec.js","",""
"","15697","ONEVIEW-383: Validate trend image mapping @regression","chromium","Mon Mar 02 17:23:47 IST 2026","passed","Mon Mar 02 17:24:03 IST 2026","Risk Stratification - Regression @regression","regression\RiskStratification.spec.js","",""
"","22892","ONEVIEW-338: Verify combined search + filter @regression","chromium","Mon Mar 02 17:21:23 IST 2026","passed","Mon Mar 02 17:21:46 IST 2026","Recent Visits / Encounters - Regression @regression","regression\RecentVisits.spec.js","",""
"","20158","ONEVIEW-111: Smoke_Verify Dropdown Filters in Modal @smoke","smoke","Mon Mar 02 16:33:53 IST 2026","passed","Mon Mar 02 16:34:14 IST 2026","Drill Down Medication Fill History - Smoke Tests","smoke\ModalMedicationFillHistory.spec.js","",""
"","22842","ONEVIEW-307: Verify behavior when no data available @regression","chromium","Mon Mar 02 17:11:56 IST 2026","passed","Mon Mar 02 17:12:19 IST 2026","Medical Diagnoses - Regression @regression","regression\MedicalDiagnoses.spec.js","",""
"","31887","ONEVIEW-311: Verify data refresh behavior @regression","chromium","Mon Mar 02 17:12:19 IST 2026","passed","Mon Mar 02 17:12:51 IST 2026","Medical Diagnoses - Regression @regression","regression\MedicalDiagnoses.spec.js","",""
"","15611","ONEVIEW-345: Verify behavior with no encounter data @regression","chromium","Mon Mar 02 17:22:46 IST 2026","passed","Mon Mar 02 17:23:02 IST 2026","Recent Visits / Encounters - Regression @regression","regression\RecentVisits.spec.js","",""
"","13224","ONEVIEW-38: Verify each card fetches and displays correct data @smoke","smoke","Mon Mar 02 16:29:24 IST 2026","passed","Mon Mar 02 16:29:38 IST 2026","Dynamic Dashboard - Smoke Tests","smoke\DynamicDashboard.spec.js","",""
"","41102","ONEVIEW-359: Verify sorting stability on data update @regression","chromium","Mon Mar 02 17:08:52 IST 2026","passed","Mon Mar 02 17:09:33 IST 2026","Immunizations - Regression @regression","regression\Immunizations.spec.js","",""
"","26647","ONEVIEW-276: Functional_Verify Modal Dismissal @regression","chromium","Mon Mar 02 16:50:50 IST 2026","passed","Mon Mar 02 16:51:16 IST 2026","ADT Alerts - Regression @regression","regression\ADTAlerts.spec.js","",""
"","14409","ONEVIEW-358: Verify tab/mobile responsiveness @smoke","smoke","Mon Mar 02 16:29:41 IST 2026","passed","Mon Mar 02 16:29:55 IST 2026","Immunizations - Smoke Tests","smoke\Immunizations.spec.js","",""
"","21971","ONEVIEW-314: Verify scroll behavior for long condition names @regression","chromium","Mon Mar 02 17:12:51 IST 2026","passed","Mon Mar 02 17:13:13 IST 2026","Medical Diagnoses - Regression @regression","regression\MedicalDiagnoses.spec.js","",""
"","15896","ONEVIEW-397: Validate design spacing & padding @regression","chromium","Mon Mar 02 17:24:50 IST 2026","passed","Mon Mar 02 17:25:06 IST 2026","Risk Stratification - Regression @regression","regression\RiskStratification.spec.js","",""
"","16285","ONEVIEW-240: Verify Card Responsiveness","chromium","Mon Mar 02 17:25:44 IST 2026","passed","Mon Mar 02 17:26:00 IST 2026","SDOH Barriers - Regression @regression","regression\SDOHBarriers.spec.js","",""
"","14506","ONEVIEW-96: Verify read-only mode @smoke","smoke","Mon Mar 02 16:30:48 IST 2026","passed","Mon Mar 02 16:31:02 IST 2026","Medication Fill History - Smoke Tests","smoke\MedicationFillHistory.spec.js","",""
"","14388","ONEVIEW-343: Verify responsiveness @smoke","smoke","Mon Mar 02 16:36:20 IST 2026","passed","Mon Mar 02 16:36:35 IST 2026","Recent Visits - Smoke Tests","smoke\RecentVisits.spec.js","",""
"","12742","ONEVIEW-19: Verify keyboard navigation in dropdown","chromium","Mon Mar 02 17:26:14 IST 2026","passed","Mon Mar 02 17:26:27 IST 2026","Search Patient - Regression @regression","regression\SearchPatient.spec.js","",""
"","20977","ONEVIEW-414: Smoke_Validate persistent modal layout across breakpoints @smoke","smoke","Mon Mar 02 16:34:14 IST 2026","passed","Mon Mar 02 16:34:35 IST 2026","Drill Down Medication Fill History - Smoke Tests","smoke\ModalMedicationFillHistory.spec.js","",""
"","15089","ONEVIEW-379: Validate latest risk score record @regression","chromium","Mon Mar 02 17:23:13 IST 2026","passed","Mon Mar 02 17:23:28 IST 2026","Risk Stratification - Regression @regression","regression\RiskStratification.spec.js","",""
"","2936","iPhone 12 - Landscape (844x390)","chromium","Mon Mar 02 17:09:48 IST 2026","passed","Mon Mar 02 17:09:51 IST 2026","Login Page - Responsive Design Tests @regression > Mobile Devices","regression\LoginResponsive.spec.js","",""
"","26173","ONEVIEW-39: Verify loader shown on each card until data is fetched","chromium","Mon Mar 02 17:01:37 IST 2026","passed","Mon Mar 02 17:02:03 IST 2026","Dynamic Dashboard - Regression @regression","regression\DynamicDashboard.spec.js","",""
"","17593","ONEVIEW-371: Metric text format @regression","chromium","Mon Mar 02 16:54:59 IST 2026","passed","Mon Mar 02 16:55:16 IST 2026","Care Gaps - Regression @regression","regression\CareGaps.spec.js","",""
"","13399","ONEVIEW-285: Verify read-only view @smoke","smoke","Mon Mar 02 16:27:50 IST 2026","passed","Mon Mar 02 16:28:03 IST 2026","Cost Utilization - Smoke Tests","smoke\CostUtilization.spec.js","",""
"","18933","ONEVIEW-376: Validate Last Updated date @regression","chromium","Mon Mar 02 16:55:35 IST 2026","passed","Mon Mar 02 16:55:54 IST 2026","Care Gaps - Regression @regression","regression\CareGaps.spec.js","",""
"","19532","ONEVIEW-294: Verify page load performance @regression","chromium","Mon Mar 02 17:00:46 IST 2026","passed","Mon Mar 02 17:01:06 IST 2026","Cost / Utilization - Regression @regression","regression\CostUtilization.spec.js","",""
"","21713","ONEVIEW-109: Verify error handling for backend failure","chromium","Mon Mar 02 17:14:15 IST 2026","passed","Mon Mar 02 17:14:37 IST 2026","Medication Fill History - Regression @regression","regression\MedicationFillHistory.spec.js","",""
"","21473","ONEVIEW-448: Smoke_Validate responsiveness @smoke","smoke","Mon Mar 02 16:34:17 IST 2026","passed","Mon Mar 02 16:34:39 IST 2026","Drill Down Recent Visits - Smoke Tests","smoke\ModalRecentVisits.spec.js","",""
"","21256","ONEVIEW-187: Verify Card Loading Indicator","chromium","Mon Mar 02 16:58:35 IST 2026","passed","Mon Mar 02 16:58:56 IST 2026","Care Management Information - Regression @regression","regression\CareManagement.spec.js","",""
"","18736","ONEVIEW-323: Verify read-only data behavior @smoke","smoke","Mon Mar 02 16:26:49 IST 2026","passed","Mon Mar 02 16:27:08 IST 2026","Behavioral Health Diagnoses - Smoke Tests","smoke\BehavioralHealthDiagnoses.spec.js","",""
"","28692","ONEVIEW-44: Verify layout consistency after logout","chromium","Mon Mar 02 17:02:41 IST 2026","passed","Mon Mar 02 17:03:10 IST 2026","Dynamic Dashboard - Regression @regression","regression\DynamicDashboard.spec.js","",""
"","15253","ONEVIEW-67: Verify Search Results Dropdown Display @smoke","smoke","Mon Mar 02 16:39:30 IST 2026","passed","Mon Mar 02 16:39:45 IST 2026","Search - Smoke Tests","smoke\Search.spec.js","",""
"","28523","ONEVIEW-465: Smoke_Validate persistent modal design across resolutions @smoke","smoke","Mon Mar 02 16:31:21 IST 2026","passed","Mon Mar 02 16:31:49 IST 2026","Drill Down ADT Alerts - Smoke Tests","smoke\ModalADTAlerts.spec.js","",""
"","50864","ONEVIEW-341: Verify modal dismiss via cancel button @regression","chromium","Mon Mar 02 17:21:46 IST 2026","failed","Mon Mar 02 17:22:37 IST 2026","Recent Visits / Encounters - Regression @regression","regression\RecentVisits.spec.js","",""
"","14294","ONEVIEW-72: Verify search using first 3 letters of first last name","chromium","Mon Mar 02 17:27:00 IST 2026","passed","Mon Mar 02 17:27:14 IST 2026","Search Patient - Regression @regression","regression\SearchPatient.spec.js","",""
"","13151","ONEVIEW-130: Verify ""View All"" Link Visibility @smoke","smoke","Mon Mar 02 16:37:22 IST 2026","passed","Mon Mar 02 16:37:35 IST 2026","Referrals - Smoke Tests","smoke\Referrals.spec.js","",""
"","17389","ONEVIEW-396: Validate score alignment & formatting @regression","chromium","Mon Mar 02 17:24:44 IST 2026","passed","Mon Mar 02 17:25:01 IST 2026","Risk Stratification - Regression @regression","regression\RiskStratification.spec.js","",""
"","16161","ONEVIEW-68: Verify Result Selection Loads Patient Dashboard @smoke","smoke","Mon Mar 02 16:39:45 IST 2026","passed","Mon Mar 02 16:40:01 IST 2026","Search - Smoke Tests","smoke\Search.spec.js","",""
"","6998","should be able to click the ""Login with Microsoft"" button","chromium","Mon Mar 02 17:09:41 IST 2026","passed","Mon Mar 02 17:09:48 IST 2026","Login Page - Regression @regression","regression\Login.spec.js","",""
"","12891","ONEVIEW-121: Verify dropdown opens in correct direction","chromium","Mon Mar 02 17:16:05 IST 2026","passed","Mon Mar 02 17:16:18 IST 2026","Medication Fill History - Regression @regression","regression\MedicationFillHistory.spec.js","",""
"","20852","ONEVIEW-14: Verify search by Medicaid ID (valid) @smoke","smoke","Mon Mar 02 16:38:53 IST 2026","passed","Mon Mar 02 16:39:14 IST 2026","Search - Smoke Tests","smoke\Search.spec.js","",""
"","18608","ONEVIEW-36: Verify card order matches API configuration","chromium","Mon Mar 02 17:01:18 IST 2026","passed","Mon Mar 02 17:01:37 IST 2026","Dynamic Dashboard - Regression @regression","regression\DynamicDashboard.spec.js","",""
"","14388","ONEVIEW-310: Verify responsiveness @smoke","smoke","Mon Mar 02 16:30:09 IST 2026","passed","Mon Mar 02 16:30:24 IST 2026","Medical Diagnoses - Smoke Tests","smoke\MedicalDiagnoses.spec.js","",""
"","40901","ONEVIEW-270: Functional_Verify Search by Facility Name @regression","chromium","Mon Mar 02 16:49:10 IST 2026","passed","Mon Mar 02 16:49:51 IST 2026","ADT Alerts - Regression @regression","regression\ADTAlerts.spec.js","",""
"","12206","ONEVIEW-282: Verify display of all cost categories @smoke","smoke","Mon Mar 02 16:27:37 IST 2026","passed","Mon Mar 02 16:27:50 IST 2026","Cost Utilization - Smoke Tests","smoke\CostUtilization.spec.js","",""
"","14370","ONEVIEW-186: Verify Responsive Design @smoke","smoke","Mon Mar 02 16:28:41 IST 2026","passed","Mon Mar 02 16:28:56 IST 2026","Care Management - Smoke Tests","smoke\CareManagement.spec.js","",""
"","21289","ONEVIEW-59: Verify PCP data updates when different patient selected","chromium","Mon Mar 02 17:19:21 IST 2026","passed","Mon Mar 02 17:19:42 IST 2026","PCP Card - Regression @regression","regression\PCPCard.spec.js","",""
"","21831","ONEVIEW-181: Verify Font and Style Consistency","chromium","Mon Mar 02 16:58:28 IST 2026","passed","Mon Mar 02 16:58:50 IST 2026","Care Management Information - Regression @regression","regression\CareManagement.spec.js","",""
"","14343","ONEVIEW-18: Verify loading indicator display","chromium","Mon Mar 02 17:26:12 IST 2026","passed","Mon Mar 02 17:26:27 IST 2026","Search Patient - Regression @regression","regression\SearchPatient.spec.js","",""
"","18223","ONEVIEW-462: Smoke_Validate modal close icon @smoke","smoke","Mon Mar 02 16:31:02 IST 2026","passed","Mon Mar 02 16:31:21 IST 2026","Drill Down ADT Alerts - Smoke Tests","smoke\ModalADTAlerts.spec.js","",""
"","22389","ONEVIEW-114: Validate default display of all classes before filter","chromium","Mon Mar 02 17:14:44 IST 2026","passed","Mon Mar 02 17:15:06 IST 2026","Medication Fill History - Regression @regression","regression\MedicationFillHistory.spec.js","",""
"","20403","ONEVIEW-356: Handle no immunization data @regression","chromium","Mon Mar 02 17:08:32 IST 2026","passed","Mon Mar 02 17:08:52 IST 2026","Immunizations - Regression @regression","regression\Immunizations.spec.js","",""
"","3196","Keyboard Navigation - Tablet","chromium","Mon Mar 02 17:10:15 IST 2026","passed","Mon Mar 02 17:10:18 IST 2026","Login Page - Responsive Design Tests @regression > Mobile/Tablet Accessibility","regression\LoginResponsive.spec.js","",""
"","28734","ONEVIEW-49: Verify card is highlighted when hovered over","chromium","Mon Mar 02 17:03:57 IST 2026","passed","Mon Mar 02 17:04:26 IST 2026","Dynamic Dashboard - Regression @regression","regression\DynamicDashboard.spec.js","",""
"","29273","ONEVIEW-272: Functional_Verify Timeline Dropdown @regression","chromium","Mon Mar 02 16:49:51 IST 2026","passed","Mon Mar 02 16:50:21 IST 2026","ADT Alerts - Regression @regression","regression\ADTAlerts.spec.js","",""
"","15163","ONEVIEW-157: Verify PCP Address 1/Address 2 fields display correctly","chromium","Mon Mar 02 17:20:04 IST 2026","passed","Mon Mar 02 17:20:19 IST 2026","PCP Card - Regression @regression","regression\PCPCard.spec.js","",""
"","26779","ONEVIEW-83: Verify Null Value Handling","chromium","Mon Mar 02 17:05:17 IST 2026","passed","Mon Mar 02 17:05:43 IST 2026","Health Plan Card - Regression @regression","regression\HealthPlan.spec.js","",""
"","21932","ONEVIEW-283: Verify total cost calculation @regression","chromium","Mon Mar 02 16:58:57 IST 2026","passed","Mon Mar 02 16:59:19 IST 2026","Cost / Utilization - Regression @regression","regression\CostUtilization.spec.js","",""
"","13834","ONEVIEW-100: Verify ""View All"" link presence @smoke","smoke","Mon Mar 02 16:31:02 IST 2026","passed","Mon Mar 02 16:31:16 IST 2026","Medication Fill History - Smoke Tests","smoke\MedicationFillHistory.spec.js","",""
"","19574","ONEVIEW-78: Greet User by Name","chromium","Mon Mar 02 17:04:26 IST 2026","passed","Mon Mar 02 17:04:45 IST 2026","Dynamic Dashboard - Regression @regression","regression\DynamicDashboard.spec.js","",""
"","3479","Pixel 5 - Android Mobile (393x851)","chromium","Mon Mar 02 17:09:51 IST 2026","passed","Mon Mar 02 17:09:55 IST 2026","Login Page - Responsive Design Tests @regression > Mobile Devices","regression\LoginResponsive.spec.js","",""
"","17741","ONEVIEW-316: Verify display of green tick for TRUE flags @regression","chromium","Mon Mar 02 16:52:21 IST 2026","passed","Mon Mar 02 16:52:39 IST 2026","Behavioral Health Diagnoses - Regression @regression","regression\BehavioralHealthDiagnoses.spec.js","",""
"","12485","ONEVIEW-50: Verify PCP card loads @smoke","smoke","Mon Mar 02 16:35:17 IST 2026","passed","Mon Mar 02 16:35:30 IST 2026","PCP Card - Smoke Tests","smoke\PCPCard.spec.js","",""
"","17987","ONEVIEW-242: Verify HIPAA compliance (read-only data) @smoke","smoke","Mon Mar 02 16:39:38 IST 2026","passed","Mon Mar 02 16:39:56 IST 2026","SDOH Barriers - Smoke Tests","smoke\SDOHBarriers.spec.js","",""
"","13929","ONEVIEW-265: Verify View All Link Visibility @smoke","smoke","Mon Mar 02 16:27:21 IST 2026","passed","Mon Mar 02 16:27:35 IST 2026","ADT Alerts - Smoke Tests","smoke\ADTAlerts.spec.js","",""
"","19771","ONEVIEW-171: Verify 1915i Status Date","chromium","Mon Mar 02 16:57:09 IST 2026","passed","Mon Mar 02 16:57:29 IST 2026","Care Management Information - Regression @regression","regression\CareManagement.spec.js","",""
"","17128","ONEVIEW-451: Smoke_Validate presence of search and timeline filters @smoke","smoke","Mon Mar 02 16:30:45 IST 2026","passed","Mon Mar 02 16:31:02 IST 2026","Drill Down ADT Alerts - Smoke Tests","smoke\ModalADTAlerts.spec.js","",""
"","3575","Zoom Level - 200% (WCAG Requirement)","chromium","Mon Mar 02 17:10:16 IST 2026","passed","Mon Mar 02 17:10:19 IST 2026","Login Page - Responsive Design Tests @regression > Mobile/Tablet Accessibility","regression\LoginResponsive.spec.js","",""
"","12926","ONEVIEW-386: Validate presence of Risk Score link in header @smoke","smoke","Mon Mar 02 16:38:02 IST 2026","passed","Mon Mar 02 16:38:15 IST 2026","Risk Stratification - Smoke Tests","smoke\RiskStratification.spec.js","",""
"","19436","ONEVIEW-103: Smoke_Verify search by drug name @smoke","smoke","Mon Mar 02 16:32:54 IST 2026","passed","Mon Mar 02 16:33:13 IST 2026","Drill Down Medication Fill History - Smoke Tests","smoke\ModalMedicationFillHistory.spec.js","",""
"","19867","ONEVIEW-369: Verify tooltip via Info icon @regression","chromium","Mon Mar 02 16:54:39 IST 2026","passed","Mon Mar 02 16:54:59 IST 2026","Care Gaps - Regression @regression","regression\CareGaps.spec.js","",""
"","16158","ONEVIEW-66: Verify Search Box Presence in Navigation Bar @smoke","smoke","Mon Mar 02 16:38:22 IST 2026","passed","Mon Mar 02 16:38:38 IST 2026","Search - Smoke Tests","smoke\Search.spec.js","",""
"","17232","ONEVIEW-172: Verify Consent Status","chromium","Mon Mar 02 16:57:18 IST 2026","passed","Mon Mar 02 16:57:35 IST 2026","Care Management Information - Regression @regression","regression\CareManagement.spec.js","",""
"","18986","ONEVIEW-364: Limit records to 5 @regression","chromium","Mon Mar 02 16:54:00 IST 2026","passed","Mon Mar 02 16:54:19 IST 2026","Care Gaps - Regression @regression","regression\CareGaps.spec.js","",""
"","20034","ONEVIEW-164: Verify Agency Name Display","chromium","Mon Mar 02 16:56:00 IST 2026","passed","Mon Mar 02 16:56:20 IST 2026","Care Management Information - Regression @regression","regression\CareManagement.spec.js","",""
"","3496","Window Resize - Mobile to Tablet","chromium","Mon Mar 02 17:10:09 IST 2026","passed","Mon Mar 02 17:10:12 IST 2026","Login Page - Responsive Design Tests @regression > Dynamic Responsive Behaviors","regression\LoginResponsive.spec.js","",""
"","18296","ONEVIEW-312: Verify color of green tick @regression","chromium","Mon Mar 02 17:12:19 IST 2026","passed","Mon Mar 02 17:12:38 IST 2026","Medical Diagnoses - Regression @regression","regression\MedicalDiagnoses.spec.js","",""
"","22974","ONEVIEW-303: Verify grid layout of card @regression","chromium","Mon Mar 02 17:10:59 IST 2026","passed","Mon Mar 02 17:11:22 IST 2026","Medical Diagnoses - Regression @regression","regression\MedicalDiagnoses.spec.js","",""
"","25368","ONEVIEW-336: Verify search case-insensitivity @regression","chromium","Mon Mar 02 17:21:12 IST 2026","passed","Mon Mar 02 17:21:37 IST 2026","Recent Visits / Encounters - Regression @regression","regression\RecentVisits.spec.js","",""
"","21827","ONEVIEW-279: UI_Verify Data Field Alignment @regression","chromium","Mon Mar 02 16:51:18 IST 2026","passed","Mon Mar 02 16:51:40 IST 2026","ADT Alerts - Regression @regression","regression\ADTAlerts.spec.js","",""
"","14854","ONEVIEW-380: Validate central risk score display @regression","chromium","Mon Mar 02 17:23:28 IST 2026","passed","Mon Mar 02 17:23:43 IST 2026","Risk Stratification - Regression @regression","regression\RiskStratification.spec.js","",""
"","11612","ONEVIEW-107: Verify UI style consistency @smoke","smoke","Mon Mar 02 16:31:16 IST 2026","passed","Mon Mar 02 16:31:28 IST 2026","Medication Fill History - Smoke Tests","smoke\MedicationFillHistory.spec.js","",""
"","29447","ONEVIEW-278: Edge_Verify List View Scrolling @regression","chromium","Mon Mar 02 16:51:16 IST 2026","passed","Mon Mar 02 16:51:46 IST 2026","ADT Alerts - Regression @regression","regression\ADTAlerts.spec.js","",""
"","3096","iPad (1024x768) - Landscape","chromium","Mon Mar 02 17:09:57 IST 2026","passed","Mon Mar 02 17:10:01 IST 2026","Login Page - Responsive Design Tests @regression > Tablet Devices","regression\LoginResponsive.spec.js","",""
"","28497","ONEVIEW-268: Functional_Verify Alerts Range @regression","chromium","Mon Mar 02 16:48:42 IST 2026","passed","Mon Mar 02 16:49:10 IST 2026","ADT Alerts - Regression @regression","regression\ADTAlerts.spec.js","",""
"","21004","ONEVIEW-95: Verify only active prescriptions (last 6 months) are included","chromium","Mon Mar 02 17:13:14 IST 2026","passed","Mon Mar 02 17:13:35 IST 2026","Medication Fill History - Regression @regression","regression\MedicationFillHistory.spec.js","",""
"","11937","ONEVIEW-16: Verify placeholder text updates with selected mode","chromium","Mon Mar 02 17:26:00 IST 2026","passed","Mon Mar 02 17:26:12 IST 2026","Search Patient - Regression @regression","regression\SearchPatient.spec.js","",""
"","20027","ONEVIEW-289: Verify alignment and spacing per Figma @regression","chromium","Mon Mar 02 16:59:57 IST 2026","passed","Mon Mar 02 17:00:17 IST 2026","Cost / Utilization - Regression @regression","regression\CostUtilization.spec.js","",""
"","3474","iPad (768x1024) - Portrait","chromium","Mon Mar 02 17:09:55 IST 2026","passed","Mon Mar 02 17:09:58 IST 2026","Login Page - Responsive Design Tests @regression > Tablet Devices","regression\LoginResponsive.spec.js","",""
"","16384","ONEVIEW-75: Verify formatting consistency across multiple results","chromium","Mon Mar 02 17:27:28 IST 2026","passed","Mon Mar 02 17:27:44 IST 2026","Search Patient - Regression @regression","regression\SearchPatient.spec.js","",""
"","38713","ONEVIEW-271: Functional_Verify Partial Search @regression","chromium","Mon Mar 02 16:49:14 IST 2026","passed","Mon Mar 02 16:49:53 IST 2026","ADT Alerts - Regression @regression","regression\ADTAlerts.spec.js","",""
"","54938","ONEVIEW-477: Smoke_Close pop-up @smoke","smoke","Mon Mar 02 16:36:36 IST 2026","failed","Mon Mar 02 16:37:31 IST 2026","Drill Down Risk Stratification Card - Smoke Tests","smoke\ModalRiskStratification.spec.js","",""
"","19708","ONEVIEW-354: Verify two-column layout @regression","chromium","Mon Mar 02 17:08:25 IST 2026","passed","Mon Mar 02 17:08:45 IST 2026","Immunizations - Regression @regression","regression\Immunizations.spec.js","",""
"","18731","ONEVIEW-300: Verify alphabetical ordering of conditions @regression","chromium","Mon Mar 02 17:10:40 IST 2026","passed","Mon Mar 02 17:10:59 IST 2026","Medical Diagnoses - Regression @regression","regression\MedicalDiagnoses.spec.js","",""
"","29191","ONEVIEW-89: Verify Inactive Member Status Display","chromium","Mon Mar 02 17:06:33 IST 2026","passed","Mon Mar 02 17:07:02 IST 2026","Health Plan Card - Regression @regression","regression\HealthPlan.spec.js","",""
"","19225","ONEVIEW-113: Verify all available classes listed in dropdown @regression","chromium","Mon Mar 02 17:12:38 IST 2026","skipped","Mon Mar 02 17:12:57 IST 2026","Medical Diagnoses - Regression @regression","regression\MedicalDiagnoses.spec.js","",""
"","14028","ONEVIEW-144: Verify Responsive Design @smoke","smoke","Mon Mar 02 16:37:35 IST 2026","passed","Mon Mar 02 16:37:49 IST 2026","Referrals - Smoke Tests","smoke\Referrals.spec.js","",""
"","2816","ONEVIEW-489: Verify Microsoft Login Button @smoke","smoke","Mon Mar 02 16:29:40 IST 2026","passed","Mon Mar 02 16:29:43 IST 2026","Login Page - Smoke Tests","smoke\Login.spec.js","",""
"","31536","ONEVIEW-124: Verify Referrals Data Display @smoke","smoke","Mon Mar 02 16:36:50 IST 2026","passed","Mon Mar 02 16:37:22 IST 2026","Referrals - Smoke Tests","smoke\Referrals.spec.js","",""
"","38203","ONEVIEW-470: Smoke_Dynamic graph update on year selection @smoke","smoke","Mon Mar 02 16:35:54 IST 2026","failed","Mon Mar 02 16:36:33 IST 2026","Drill Down Risk Stratification Card - Smoke Tests","smoke\ModalRiskStratification.spec.js","",""
"","14628","ONEVIEW-56: Verify all PCP fields are read-only","chromium","Mon Mar 02 17:19:05 IST 2026","passed","Mon Mar 02 17:19:20 IST 2026","PCP Card - Regression @regression","regression\PCPCard.spec.js","",""
"","21754","ONEVIEW-511: Verify Star Icon Exists @smoke","smoke","Mon Mar 02 16:29:43 IST 2026","passed","Mon Mar 02 16:30:05 IST 2026","Mark Cards as Important - Smoke Tests","smoke\MarkAsImportant.spec.js","",""
"","17089","ONEVIEW-450: Smoke_Validate modal opens on clicking View All @smoke","smoke","Mon Mar 02 16:30:28 IST 2026","passed","Mon Mar 02 16:30:45 IST 2026","Drill Down ADT Alerts - Smoke Tests","smoke\ModalADTAlerts.spec.js","",""
"","18775","ONEVIEW-104: Smoke_Verify ""All Time"" dropdown filter @smoke","smoke","Mon Mar 02 16:33:14 IST 2026","passed","Mon Mar 02 16:33:32 IST 2026","Drill Down Medication Fill History - Smoke Tests","smoke\ModalMedicationFillHistory.spec.js","",""
"","4009","iPhone 12 - Portrait (390x844)","chromium","Mon Mar 02 17:09:46 IST 2026","passed","Mon Mar 02 17:09:50 IST 2026","Login Page - Responsive Design Tests @regression > Mobile Devices","regression\LoginResponsive.spec.js","",""
"","10798","ONEVIEW-65: Verify toggle dot moves correctly","chromium","Mon Mar 02 17:26:47 IST 2026","passed","Mon Mar 02 17:26:58 IST 2026","Search Patient - Regression @regression","regression\SearchPatient.spec.js","",""
"","14819","ONEVIEW-42: Verify dashboard responsiveness @smoke","smoke","Mon Mar 02 16:29:09 IST 2026","passed","Mon Mar 02 16:29:24 IST 2026","Dynamic Dashboard - Smoke Tests","smoke\DynamicDashboard.spec.js","",""
"","20004","ONEVIEW-117: Verify scroll functionality in results list","chromium","Mon Mar 02 17:15:22 IST 2026","passed","Mon Mar 02 17:15:42 IST 2026","Medication Fill History - Regression @regression","regression\MedicationFillHistory.spec.js","",""
"","19090","ONEVIEW-143: Verify Cursor Change on ""View All"" Hover","chromium","Mon Mar 02 17:18:30 IST 2026","passed","Mon Mar 02 17:18:50 IST 2026","Patient Referrals - Regression @regression","regression\PatientReferrals.spec.js","",""
"","15541","ONEVIEW-391: Validate dynamic update of graph @regression","chromium","Mon Mar 02 17:24:13 IST 2026","passed","Mon Mar 02 17:24:29 IST 2026","Risk Stratification - Regression @regression","regression\RiskStratification.spec.js","",""
"","12554","ONEVIEW-163: Verify Data Retrieval from Source Tables @smoke","smoke","Mon Mar 02 16:27:35 IST 2026","passed","Mon Mar 02 16:27:48 IST 2026","Care Management - Smoke Tests","smoke\CareManagement.spec.js","",""
"","21226","ONEVIEW-291: Handle all zero cost values @regression","chromium","Mon Mar 02 17:00:17 IST 2026","passed","Mon Mar 02 17:00:38 IST 2026","Cost / Utilization - Regression @regression","regression\CostUtilization.spec.js","",""
"","10173","ONEVIEW-64: Verify toggle button color changes","chromium","Mon Mar 02 17:26:37 IST 2026","passed","Mon Mar 02 17:26:47 IST 2026","Search Patient - Regression @regression","regression\SearchPatient.spec.js","",""
"","19126","ONEVIEW-118: Validate modal closes on outside click","chromium","Mon Mar 02 17:15:27 IST 2026","passed","Mon Mar 02 17:15:46 IST 2026","Medication Fill History - Regression @regression","regression\MedicationFillHistory.spec.js","",""
"","21057","ONEVIEW-178: Verify Two-Column Layout","chromium","Mon Mar 02 16:57:56 IST 2026","passed","Mon Mar 02 16:58:17 IST 2026","Care Management Information - Regression @regression","regression\CareManagement.spec.js","",""
"","23037","ONEVIEW-188: Verify Data Refresh Timing","chromium","Mon Mar 02 16:58:50 IST 2026","passed","Mon Mar 02 16:59:13 IST 2026","Care Management Information - Regression @regression","regression\CareManagement.spec.js","",""
"","15817","ONEVIEW-123: Verify Referrals Card Data Retrieval @smoke","smoke","Mon Mar 02 16:36:35 IST 2026","passed","Mon Mar 02 16:36:50 IST 2026","Referrals - Smoke Tests","smoke\Referrals.spec.js","",""
"","18164","ONEVIEW-239: Handle backend unavailability @smoke","smoke","Mon Mar 02 16:39:00 IST 2026","passed","Mon Mar 02 16:39:18 IST 2026","SDOH Barriers - Smoke Tests","smoke\SDOHBarriers.spec.js","",""
"","14953","ONEVIEW-382: Validate display of 5 factorial bullet points @regression","chromium","Mon Mar 02 17:23:43 IST 2026","passed","Mon Mar 02 17:23:58 IST 2026","Risk Stratification - Regression @regression","regression\RiskStratification.spec.js","",""
"","25102","ONEVIEW-85: Verify Missing Health Plan Record","chromium","Mon Mar 02 17:05:44 IST 2026","passed","Mon Mar 02 17:06:09 IST 2026","Health Plan Card - Regression @regression","regression\HealthPlan.spec.js","",""
"","27000","ONEVIEW-238: Data refresh on patient selection @smoke","smoke","Mon Mar 02 16:38:33 IST 2026","passed","Mon Mar 02 16:39:00 IST 2026","SDOH Barriers - Smoke Tests","smoke\SDOHBarriers.spec.js","",""
"","15357","ONEVIEW-384: Validate card title @regression","chromium","Mon Mar 02 17:23:58 IST 2026","passed","Mon Mar 02 17:24:13 IST 2026","Risk Stratification - Regression @regression","regression\RiskStratification.spec.js","",""
"","20554","ONEVIEW-362: Display only Active care gaps @regression","chromium","Mon Mar 02 16:53:39 IST 2026","passed","Mon Mar 02 16:53:59 IST 2026","Care Gaps - Regression @regression","regression\CareGaps.spec.js","",""
"","18340","ONEVIEW-165: Verify Agency Address Display","chromium","Mon Mar 02 16:56:13 IST 2026","passed","Mon Mar 02 16:56:32 IST 2026","Care Management Information - Regression @regression","regression\CareManagement.spec.js","",""
"","27030","ONEVIEW-84: Verify Member Status Active Display","chromium","Mon Mar 02 17:05:33 IST 2026","passed","Mon Mar 02 17:06:00 IST 2026","Health Plan Card - Regression @regression","regression\HealthPlan.spec.js","",""
"","20330","ONEVIEW-90: Verify Future Enrollment Start Date","chromium","Mon Mar 02 17:06:55 IST 2026","passed","Mon Mar 02 17:07:15 IST 2026","Health Plan Card - Regression @regression","regression\HealthPlan.spec.js","",""
"","5389","should have a clickable ""Login with Microsoft"" button","chromium","Mon Mar 02 17:09:36 IST 2026","passed","Mon Mar 02 17:09:41 IST 2026","Login Page - Regression @regression","regression\Login.spec.js","",""
"","21321","ONEVIEW-308: Verify display when fewer than 10 TRUE flags @regression","chromium","Mon Mar 02 17:11:58 IST 2026","passed","Mon Mar 02 17:12:19 IST 2026","Medical Diagnoses - Regression @regression","regression\MedicalDiagnoses.spec.js","",""
"","15119","ONEVIEW-145: Verify Date Format","chromium","Mon Mar 02 17:18:34 IST 2026","passed","Mon Mar 02 17:18:50 IST 2026","Patient Referrals - Regression @regression","regression\PatientReferrals.spec.js","",""
"","41986","ONEVIEW-40: Verify No data available message in empty cards","chromium","Mon Mar 02 17:01:59 IST 2026","passed","Mon Mar 02 17:02:41 IST 2026","Dynamic Dashboard - Regression @regression","regression\DynamicDashboard.spec.js","",""
"","20973","ONEVIEW-335: Verify dynamic search response @regression","chromium","Mon Mar 02 17:21:02 IST 2026","passed","Mon Mar 02 17:21:23 IST 2026","Recent Visits / Encounters - Regression @regression","regression\RecentVisits.spec.js","",""
"","20210","ONEVIEW-293: Validate API response status @regression","chromium","Mon Mar 02 17:00:38 IST 2026","passed","Mon Mar 02 17:00:58 IST 2026","Cost / Utilization - Regression @regression","regression\CostUtilization.spec.js","",""
"","20459","ONEVIEW-366: Verify required fields @regression","chromium","Mon Mar 02 16:54:06 IST 2026","passed","Mon Mar 02 16:54:26 IST 2026","Care Gaps - Regression @regression","regression\CareGaps.spec.js","",""
"","19524","ONEVIEW-337: Smoke_Verify filtering by timeline @smoke","smoke","Mon Mar 02 16:33:36 IST 2026","passed","Mon Mar 02 16:33:56 IST 2026","Drill Down Recent Visits - Smoke Tests","smoke\ModalRecentVisits.spec.js","",""
"","21137","ONEVIEW-112: Validate message for invalid drug search","chromium","Mon Mar 02 17:14:23 IST 2026","passed","Mon Mar 02 17:14:44 IST 2026","Medication Fill History - Regression @regression","regression\MedicationFillHistory.spec.js","",""
"","17944","ONEVIEW-298: Verify green tick mark for TRUE flags @regression","chromium","Mon Mar 02 17:10:22 IST 2026","passed","Mon Mar 02 17:10:40 IST 2026","Medical Diagnoses - Regression @regression","regression\MedicalDiagnoses.spec.js","",""
"","18674","ONEVIEW-324: Verify behavior when no TRUE flags exist @regression","chromium","Mon Mar 02 16:53:25 IST 2026","passed","Mon Mar 02 16:53:44 IST 2026","Behavioral Health Diagnoses - Regression @regression","regression\BehavioralHealthDiagnoses.spec.js","",""
"","16020","ONEVIEW-51: Verify all required PCP fields displayed correctly","chromium","Mon Mar 02 17:18:50 IST 2026","passed","Mon Mar 02 17:19:06 IST 2026","PCP Card - Regression @regression","regression\PCPCard.spec.js","",""
"","15163","ONEVIEW-176: Verify Data Refresh on Patient Change @smoke","smoke","Mon Mar 02 16:28:00 IST 2026","passed","Mon Mar 02 16:28:15 IST 2026","Care Management - Smoke Tests","smoke\CareManagement.spec.js","",""
"","14202","ONEVIEW-146: Verify Demographics card loads successfully with all fields @smoke","smoke","Mon Mar 02 16:28:35 IST 2026","passed","Mon Mar 02 16:28:49 IST 2026","Demographics Card - Smoke Tests","smoke\Demographics.spec.js","",""
"","18105","ONEVIEW-351: Verify 10-record limit @regression","chromium","Mon Mar 02 17:08:07 IST 2026","passed","Mon Mar 02 17:08:25 IST 2026","Immunizations - Regression @regression","regression\Immunizations.spec.js","",""
"","15041","ONEVIEW-13: Verify switching between search modes @smoke","smoke","Mon Mar 02 16:38:38 IST 2026","passed","Mon Mar 02 16:38:53 IST 2026","Search - Smoke Tests","smoke\Search.spec.js","",""
"","11825","ONEVIEW-69: Verify Keyboard Navigation in Search Results @smoke","smoke","Mon Mar 02 16:40:02 IST 2026","passed","Mon Mar 02 16:40:13 IST 2026","Search - Smoke Tests","smoke\Search.spec.js","",""
"","2922","Extra Small - 320px (Smallest mobile)","chromium","Mon Mar 02 17:10:02 IST 2026","passed","Mon Mar 02 17:10:04 IST 2026","Login Page - Responsive Design Tests @regression > Custom Viewports & Breakpoints","regression\LoginResponsive.spec.js","",""
"","30730","ONEVIEW-296: Validate real-time total recalculation @regression","chromium","Mon Mar 02 17:01:06 IST 2026","passed","Mon Mar 02 17:01:36 IST 2026","Cost / Utilization - Regression @regression","regression\CostUtilization.spec.js","",""
"","2205","should load the login page successfully","chromium","Mon Mar 02 17:09:34 IST 2026","passed","Mon Mar 02 17:09:36 IST 2026","Login Page - Regression @regression","regression\Login.spec.js","",""
"","19561","ONEVIEW-367: Verify card title @regression","chromium","Mon Mar 02 16:54:19 IST 2026","passed","Mon Mar 02 16:54:39 IST 2026","Care Gaps - Regression @regression","regression\CareGaps.spec.js","",""
"","12502","ONEVIEW-34: Verify dashboard responsiveness @smoke","smoke","Mon Mar 02 16:40:13 IST 2026","passed","Mon Mar 02 16:40:26 IST 2026","Search - Smoke Tests","smoke\Search.spec.js","",""
"","18421","ONEVIEW-177: Verify Card Header Title","chromium","Mon Mar 02 16:57:50 IST 2026","passed","Mon Mar 02 16:58:08 IST 2026","Care Management Information - Regression @regression","regression\CareManagement.spec.js","",""
"","14858","ONEVIEW-71: Verify Incomplete Input Handling","chromium","Mon Mar 02 17:26:58 IST 2026","passed","Mon Mar 02 17:27:12 IST 2026","Search Patient - Regression @regression","regression\SearchPatient.spec.js","",""
"","3446","Page Load Time - Mobile 3G","chromium","Mon Mar 02 17:10:18 IST 2026","passed","Mon Mar 02 17:10:22 IST 2026","Login Page - Responsive Design Tests @regression > Mobile/Tablet Performance","regression\LoginResponsive.spec.js","",""
"","12197","ONEVIEW-175: Verify All Fields Are Read-Only @smoke","smoke","Mon Mar 02 16:27:48 IST 2026","passed","Mon Mar 02 16:28:00 IST 2026","Care Management - Smoke Tests","smoke\CareManagement.spec.js","",""
"","25414","ONEVIEW-302: Verify card title @regression","chromium","Mon Mar 02 17:10:59 IST 2026","failed","Mon Mar 02 17:11:24 IST 2026","Medical Diagnoses - Regression @regression","regression\MedicalDiagnoses.spec.js","",""
"","31810","ONEVIEW-79: Redirect via Medicaid-ID in URL","chromium","Mon Mar 02 17:04:45 IST 2026","passed","Mon Mar 02 17:05:16 IST 2026","Dynamic Dashboard - Regression @regression","regression\DynamicDashboard.spec.js","",""
"","17387","ONEVIEW-299: Verify '-' displayed for FALSE flags @regression","chromium","Mon Mar 02 17:10:23 IST 2026","passed","Mon Mar 02 17:10:40 IST 2026","Medical Diagnoses - Regression @regression","regression\MedicalDiagnoses.spec.js","",""
"","13737","ONEVIEW-12: Verify default selected search mode Medicaid ID","chromium","Mon Mar 02 17:25:49 IST 2026","passed","Mon Mar 02 17:26:03 IST 2026","Search Patient - Regression @regression","regression\SearchPatient.spec.js","",""
"","13799","ONEVIEW-264: Verify ADT Alerts Card Labels @smoke","smoke","Mon Mar 02 16:27:08 IST 2026","passed","Mon Mar 02 16:27:21 IST 2026","ADT Alerts - Smoke Tests","smoke\ADTAlerts.spec.js","",""
"","12749","ONEVIEW-385: Validate read-only mode @smoke","smoke","Mon Mar 02 16:37:49 IST 2026","passed","Mon Mar 02 16:38:02 IST 2026","Risk Stratification - Smoke Tests","smoke\RiskStratification.spec.js","",""
"","21072","ONEVIEW-48: Verify hand cursor appears when hovering on star icon","chromium","Mon Mar 02 17:03:38 IST 2026","passed","Mon Mar 02 17:03:59 IST 2026","Dynamic Dashboard - Regression @regression","regression\DynamicDashboard.spec.js","",""
"","2269","ONEVIEW-488: Verify Login Page Loads @smoke","smoke","Mon Mar 02 16:29:38 IST 2026","passed","Mon Mar 02 16:29:40 IST 2026","Login Page - Smoke Tests","smoke\Login.spec.js","",""
"","11128","ONEVIEW-17: Verify no results message","chromium","Mon Mar 02 17:26:03 IST 2026","passed","Mon Mar 02 17:26:14 IST 2026","Search Patient - Regression @regression","regression\SearchPatient.spec.js","",""
"","21876","ONEVIEW-74: Verify search result formatting","chromium","Mon Mar 02 17:27:15 IST 2026","passed","Mon Mar 02 17:27:36 IST 2026","Search Patient - Regression @regression","regression\SearchPatient.spec.js","",""
"","20944","ONEVIEW-105: Smoke_Verify ""Class"" dropdown filter @smoke","smoke","Mon Mar 02 16:33:32 IST 2026","passed","Mon Mar 02 16:33:53 IST 2026","Drill Down Medication Fill History - Smoke Tests","smoke\ModalMedicationFillHistory.spec.js","",""
"","18449","ONEVIEW-263: Verify ADT Alerts Card Display @smoke","smoke","Mon Mar 02 16:26:49 IST 2026","passed","Mon Mar 02 16:27:07 IST 2026","ADT Alerts - Smoke Tests","smoke\ADTAlerts.spec.js","",""
"","13676","ONEVIEW-35: Verify dashboard loads personalized layout for logged-in user @smoke","smoke","Mon Mar 02 16:28:56 IST 2026","passed","Mon Mar 02 16:29:09 IST 2026","Dynamic Dashboard - Smoke Tests","smoke\DynamicDashboard.spec.js","",""
"","13818","ONEVIEW-126: Verify Limit to 10 Most Recent Referrals","chromium","Mon Mar 02 17:16:19 IST 2026","passed","Mon Mar 02 17:16:33 IST 2026","Patient Referrals - Regression @regression","regression\PatientReferrals.spec.js","",""
"","20966","ONEVIEW-284: Validate data limited to last 12 months @regression","chromium","Mon Mar 02 16:59:13 IST 2026","passed","Mon Mar 02 16:59:34 IST 2026","Cost / Utilization - Regression @regression","regression\CostUtilization.spec.js","",""
"","16332","ONEVIEW-141: Verify Dropdown Direction","chromium","Mon Mar 02 17:18:18 IST 2026","passed","Mon Mar 02 17:18:34 IST 2026","Patient Referrals - Regression @regression","regression\PatientReferrals.spec.js","",""
"","19064","ONEVIEW-368: Verify color legend @regression","chromium","Mon Mar 02 16:54:26 IST 2026","passed","Mon Mar 02 16:54:45 IST 2026","Care Gaps - Regression @regression","regression\CareGaps.spec.js","",""
"","31787","ONEVIEW-269: Functional_Verify Pop-Up on View All @regression","chromium","Mon Mar 02 16:48:42 IST 2026","passed","Mon Mar 02 16:49:14 IST 2026","ADT Alerts - Regression @regression","regression\ADTAlerts.spec.js","",""
"","15118","ONEVIEW-235: Verify Barrier Details/Notes","chromium","Mon Mar 02 17:25:29 IST 2026","passed","Mon Mar 02 17:25:44 IST 2026","SDOH Barriers - Regression @regression","regression\SDOHBarriers.spec.js","",""
"","13726","ONEVIEW-233: Verify Barrier Categories Display","chromium","Mon Mar 02 17:25:15 IST 2026","passed","Mon Mar 02 17:25:29 IST 2026","SDOH Barriers - Regression @regression","regression\SDOHBarriers.spec.js","",""
"","16826","ONEVIEW-395: Validate wrapping of risk drivers @regression","chromium","Mon Mar 02 17:24:33 IST 2026","passed","Mon Mar 02 17:24:50 IST 2026","Risk Stratification - Regression @regression","regression\RiskStratification.spec.js","",""
"","20827","ONEVIEW-286: Validate cost formatting in USD @regression","chromium","Mon Mar 02 16:59:19 IST 2026","passed","Mon Mar 02 16:59:40 IST 2026","Cost / Utilization - Regression @regression","regression\CostUtilization.spec.js","",""
"","18650","ONEVIEW-319: Verify handling when <10 TRUE conditions @regression","chromium","Mon Mar 02 16:52:47 IST 2026","passed","Mon Mar 02 16:53:05 IST 2026","Behavioral Health Diagnoses - Regression @regression","regression\BehavioralHealthDiagnoses.spec.js","",""
"","18117","ONEVIEW-106: Verify sorting by Fill Date (descending)","chromium","Mon Mar 02 17:13:57 IST 2026","passed","Mon Mar 02 17:14:15 IST 2026","Medication Fill History - Regression @regression","regression\MedicationFillHistory.spec.js","",""
"","18605","ONEVIEW-373: No care gaps @regression","chromium","Mon Mar 02 16:55:16 IST 2026","passed","Mon Mar 02 16:55:35 IST 2026","Care Gaps - Regression @regression","regression\CareGaps.spec.js","",""
"","14777","ONEVIEW-58: Verify PCP card layout hierarchy","chromium","Mon Mar 02 17:19:20 IST 2026","passed","Mon Mar 02 17:19:35 IST 2026","PCP Card - Regression @regression","regression\PCPCard.spec.js","",""
"","2667","Screen Reader - Mobile Navigation","chromium","Mon Mar 02 17:10:12 IST 2026","passed","Mon Mar 02 17:10:15 IST 2026","Login Page - Responsive Design Tests @regression > Mobile/Tablet Accessibility","regression\LoginResponsive.spec.js","",""
"","17978","ONEVIEW-374: Verify date format @regression","chromium","Mon Mar 02 16:55:23 IST 2026","passed","Mon Mar 02 16:55:41 IST 2026","Care Gaps - Regression @regression","regression\CareGaps.spec.js","",""
"","22412","ONEVIEW-287: Verify Total Cost highlight @regression","chromium","Mon Mar 02 16:59:34 IST 2026","passed","Mon Mar 02 16:59:56 IST 2026","Cost / Utilization - Regression @regression","regression\CostUtilization.spec.js","",""
"","16063","ONEVIEW-136: Verify Partial Match in Search","chromium","Mon Mar 02 17:17:36 IST 2026","passed","Mon Mar 02 17:17:52 IST 2026","Patient Referrals - Regression @regression","regression\PatientReferrals.spec.js","",""
"","12393","ONEVIEW-355: Verify layout and font per Figma @smoke","smoke","Mon Mar 02 16:29:28 IST 2026","passed","Mon Mar 02 16:29:41 IST 2026","Immunizations - Smoke Tests","smoke\Immunizations.spec.js","",""
"","12518","ONEVIEW-70: Verify Invalid Search with First Name","chromium","Mon Mar 02 17:26:48 IST 2026","passed","Mon Mar 02 17:27:00 IST 2026","Search Patient - Regression @regression","regression\SearchPatient.spec.js","",""
"","16227","ONEVIEW-304: Verify condition name format @regression","chromium","Mon Mar 02 17:11:22 IST 2026","passed","Mon Mar 02 17:11:39 IST 2026","Medical Diagnoses - Regression @regression","regression\MedicalDiagnoses.spec.js","",""
"","21248","ONEVIEW-280: UI_Verify Font and Color Styling @regression","chromium","Mon Mar 02 16:51:40 IST 2026","passed","Mon Mar 02 16:52:02 IST 2026","ADT Alerts - Regression @regression","regression\ADTAlerts.spec.js","",""
"","3187","Medium - 768px (Tablet breakpoint)","chromium","Mon Mar 02 17:10:04 IST 2026","passed","Mon Mar 02 17:10:08 IST 2026","Login Page - Responsive Design Tests @regression > Custom Viewports & Breakpoints","regression\LoginResponsive.spec.js","",""
"","2944","iPad Pro 11 (834x1194) - Portrait","chromium","Mon Mar 02 17:09:59 IST 2026","passed","Mon Mar 02 17:10:01 IST 2026","Login Page - Responsive Design Tests @regression > Tablet Devices","regression\LoginResponsive.spec.js","",""
"","22255","ONEVIEW-113: Verify all available classes listed in dropdown","chromium","Mon Mar 02 17:14:37 IST 2026","passed","Mon Mar 02 17:14:59 IST 2026","Medication Fill History - Regression @regression","regression\MedicationFillHistory.spec.js","",""
"","4433","Galaxy S9+ - Android Mobile (320x658)","chromium","Mon Mar 02 17:09:53 IST 2026","passed","Mon Mar 02 17:09:57 IST 2026","Login Page - Responsive Design Tests @regression > Mobile Devices","regression\LoginResponsive.spec.js","",""
"","18005","ONEVIEW-237: Verify read-only behavior @smoke","smoke","Mon Mar 02 16:38:15 IST 2026","passed","Mon Mar 02 16:38:33 IST 2026","SDOH Barriers - Smoke Tests","smoke\SDOHBarriers.spec.js","",""
"","29320","ONEVIEW-88: Verify Invalid Date Handling","chromium","Mon Mar 02 17:06:25 IST 2026","passed","Mon Mar 02 17:06:54 IST 2026","Health Plan Card - Regression @regression","regression\HealthPlan.spec.js","",""
"","15322","ONEVIEW-57: Verify provider name bold and initials displayed","chromium","Mon Mar 02 17:19:06 IST 2026","passed","Mon Mar 02 17:19:21 IST 2026","PCP Card - Regression @regression","regression\PCPCard.spec.js","",""
"","19062","ONEVIEW-134: Verify Search by Sending Facility","chromium","Mon Mar 02 17:17:17 IST 2026","passed","Mon Mar 02 17:17:36 IST 2026","Patient Referrals - Regression @regression","regression\PatientReferrals.spec.js","",""
"","21974","ONEVIEW-80: Invalid Medicaid-ID behavior","chromium","Mon Mar 02 17:04:46 IST 2026","passed","Mon Mar 02 17:05:08 IST 2026","Dynamic Dashboard - Regression @regression","regression\DynamicDashboard.spec.js","",""
"","34699","ONEVIEW-468: Smoke_Open Risk Stratification pop-up @smoke","smoke","Mon Mar 02 16:34:39 IST 2026","failed","Mon Mar 02 16:35:13 IST 2026","Drill Down Risk Stratification Card - Smoke Tests","smoke\ModalRiskStratification.spec.js","",""
"","22058","ONEVIEW-349: Verify Last Dose date display @regression","chromium","Mon Mar 02 17:07:48 IST 2026","passed","Mon Mar 02 17:08:10 IST 2026","Immunizations - Regression @regression","regression\Immunizations.spec.js","",""
"","27362","ONEVIEW-45: Verify performance of dashboard load","chromium","Mon Mar 02 17:03:10 IST 2026","passed","Mon Mar 02 17:03:37 IST 2026","Dynamic Dashboard - Regression @regression","regression\DynamicDashboard.spec.js","",""
"","19469","ONEVIEW-241: Verify accessibility and responsiveness @smoke","smoke","Mon Mar 02 16:39:18 IST 2026","passed","Mon Mar 02 16:39:38 IST 2026","SDOH Barriers - Smoke Tests","smoke\SDOHBarriers.spec.js","",""
"","13773","ONEVIEW-361: Validate Last Dose Date alignment in UI @regression","chromium","Mon Mar 02 17:09:32 IST 2026","passed","Mon Mar 02 17:09:46 IST 2026","Immunizations - Regression @regression","regression\Immunizations.spec.js","",""
"","21344","ONEVIEW-340: Smoke_Verify modal dismiss via close icon @smoke","smoke","Mon Mar 02 16:33:56 IST 2026","passed","Mon Mar 02 16:34:17 IST 2026","Drill Down Recent Visits - Smoke Tests","smoke\ModalRecentVisits.spec.js","",""
"","19033","ONEVIEW-357: Verify date format @regression","chromium","Mon Mar 02 17:08:45 IST 2026","passed","Mon Mar 02 17:09:04 IST 2026","Immunizations - Regression @regression","regression\Immunizations.spec.js","",""
"","25251","ONEVIEW-82: Verify Field Labels and Values","chromium","Mon Mar 02 17:05:08 IST 2026","passed","Mon Mar 02 17:05:33 IST 2026","Health Plan Card - Regression @regression","regression\HealthPlan.spec.js","",""
"","17386","ONEVIEW-158: Verify PCP City and State fields display correctly","chromium","Mon Mar 02 17:20:14 IST 2026","passed","Mon Mar 02 17:20:31 IST 2026","PCP Card - Regression @regression","regression\PCPCard.spec.js","",""
"","21744","ONEVIEW-288: Verify card title text @regression","chromium","Mon Mar 02 16:59:41 IST 2026","passed","Mon Mar 02 17:00:02 IST 2026","Cost / Utilization - Regression @regression","regression\CostUtilization.spec.js","",""
"","15302","ONEVIEW-388: Validate modal close via X icon @regression","chromium","Mon Mar 02 17:24:03 IST 2026","passed","Mon Mar 02 17:24:18 IST 2026","Risk Stratification - Regression @regression","regression\RiskStratification.spec.js","",""
"","13554","ONEVIEW-375: Verify read-only behavior @smoke","smoke","Mon Mar 02 16:27:24 IST 2026","passed","Mon Mar 02 16:27:37 IST 2026","Care Gaps - Smoke Tests","smoke\CareGaps.spec.js","",""
"","5096","iPad Pro 11 (1194x834) - Landscape","chromium","Mon Mar 02 17:10:01 IST 2026","passed","Mon Mar 02 17:10:06 IST 2026","Login Page - Responsive Design Tests @regression > Tablet Devices","regression\LoginResponsive.spec.js","",""
"","2977","Large - 1024px (Desktop/Laptop)","chromium","Mon Mar 02 17:10:06 IST 2026","passed","Mon Mar 02 17:10:09 IST 2026","Login Page - Responsive Design Tests @regression > Custom Viewports & Breakpoints","regression\LoginResponsive.spec.js","",""
"","2996","iPhone SE - Small Mobile (375x667)","chromium","Mon Mar 02 17:09:50 IST 2026","passed","Mon Mar 02 17:09:53 IST 2026","Login Page - Responsive Design Tests @regression > Mobile Devices","regression\LoginResponsive.spec.js","",""
"","16243","ONEVIEW-325: Verify sorting by Service_Date (newest first) @regression","chromium","Mon Mar 02 17:20:19 IST 2026","passed","Mon Mar 02 17:20:36 IST 2026","Recent Visits / Encounters - Regression @regression","regression\RecentVisits.spec.js","",""
"","32223","ONEVIEW-275: Negative_Verify Invalid Search @regression","chromium","Mon Mar 02 16:50:23 IST 2026","passed","Mon Mar 02 16:50:55 IST 2026","ADT Alerts - Regression @regression","regression\ADTAlerts.spec.js","",""
"","20362","ONEVIEW-322: Verify font and spacing @regression","chromium","Mon Mar 02 16:53:18 IST 2026","passed","Mon Mar 02 16:53:39 IST 2026","Behavioral Health Diagnoses - Regression @regression","regression\BehavioralHealthDiagnoses.spec.js","",""
"","18739","ONEVIEW-297: Verify responsiveness @smoke","smoke","Mon Mar 02 16:28:03 IST 2026","passed","Mon Mar 02 16:28:22 IST 2026","Cost Utilization - Smoke Tests","smoke\CostUtilization.spec.js","",""
"","32475","ONEVIEW-281: Performance_Verify Load Time @regression","chromium","Mon Mar 02 16:51:46 IST 2026","failed","Mon Mar 02 16:52:18 IST 2026","ADT Alerts - Regression @regression","regression\ADTAlerts.spec.js","",""
"","20115","ONEVIEW-140: Verify Filter Reset After Modal Close","chromium","Mon Mar 02 17:18:10 IST 2026","passed","Mon Mar 02 17:18:30 IST 2026","Patient Referrals - Regression @regression","regression\PatientReferrals.spec.js","",""
"","21272","ONEVIEW-290: Handle missing data fields @regression","chromium","Mon Mar 02 17:00:02 IST 2026","passed","Mon Mar 02 17:00:24 IST 2026","Cost / Utilization - Regression @regression","regression\CostUtilization.spec.js","",""
"","13281","ONEVIEW-137: Validate ""No Data Available"" Message","chromium","Mon Mar 02 17:17:48 IST 2026","passed","Mon Mar 02 17:18:02 IST 2026","Patient Referrals - Regression @regression","regression\PatientReferrals.spec.js","",""
"","11936","ONEVIEW-184: Verify HIPAA Compliance (No Edit Access) @smoke","smoke","Mon Mar 02 16:28:29 IST 2026","passed","Mon Mar 02 16:28:41 IST 2026","Care Management - Smoke Tests","smoke\CareManagement.spec.js","",""
"","13193","ONEVIEW-81: Verify Health Plan Card Display @smoke","smoke","Mon Mar 02 16:29:02 IST 2026","passed","Mon Mar 02 16:29:16 IST 2026","Health Plan Card - Smoke Tests","smoke\HealthPlanCard.spec.js","",""
"","24420","ONEVIEW-60: Verify PCP data reloads when page refreshed","chromium","Mon Mar 02 17:19:35 IST 2026","passed","Mon Mar 02 17:19:59 IST 2026","PCP Card - Regression @regression","regression\PCPCard.spec.js","",""
"","19607","ONEVIEW-179: Verify Visual Separators","chromium","Mon Mar 02 16:58:08 IST 2026","passed","Mon Mar 02 16:58:28 IST 2026","Care Management Information - Regression @regression","regression\CareManagement.spec.js","",""
"","25406","ONEVIEW-399: Modal opens consistently @smoke","smoke","Mon Mar 02 16:32:06 IST 2026","passed","Mon Mar 02 16:32:32 IST 2026","Drill Down Medication Fill History - Smoke Tests","smoke\ModalMedicationFillHistory.spec.js","",""
"","34149","ONEVIEW-390: Smoke_Validate yearly filter options @smoke","smoke","Mon Mar 02 16:35:17 IST 2026","failed","Mon Mar 02 16:35:51 IST 2026","Drill Down Risk Stratification Card - Smoke Tests","smoke\ModalRiskStratification.spec.js","",""
"","18442","ONEVIEW-168: Verify Care Plan Completion Date","chromium","Mon Mar 02 16:56:40 IST 2026","passed","Mon Mar 02 16:56:59 IST 2026","Care Management Information - Regression @regression","regression\CareManagement.spec.js","",""
"","19856","ONEVIEW-94: Verify top 10 most recent fills are displayed","chromium","Mon Mar 02 17:12:57 IST 2026","passed","Mon Mar 02 17:13:17 IST 2026","Medication Fill History - Regression @regression","regression\MedicationFillHistory.spec.js","",""
"","4094","Touch Events - Mobile Interactions","chromium","Mon Mar 02 17:10:11 IST 2026","passed","Mon Mar 02 17:10:16 IST 2026","Login Page - Responsive Design Tests @regression > Dynamic Responsive Behaviors","regression\LoginResponsive.spec.js","",""
"","19429","ONEVIEW-169: Verify Last Success Contact Date","chromium","Mon Mar 02 16:56:50 IST 2026","passed","Mon Mar 02 16:57:09 IST 2026","Care Management Information - Regression @regression","regression\CareManagement.spec.js","",""
"","15123","ONEVIEW-236: Verify Last Updated Date","chromium","Mon Mar 02 17:25:34 IST 2026","passed","Mon Mar 02 17:25:49 IST 2026","SDOH Barriers - Regression @regression","regression\SDOHBarriers.spec.js","",""
"","17624","ONEVIEW-306: Verify behavior when all flags = FALSE @regression","chromium","Mon Mar 02 17:11:39 IST 2026","passed","Mon Mar 02 17:11:56 IST 2026","Medical Diagnoses - Regression @regression","regression\MedicalDiagnoses.spec.js","",""
"","13486","ONEVIEW-229: Verify SDOH Barriers Card Displays","chromium","Mon Mar 02 17:25:01 IST 2026","passed","Mon Mar 02 17:25:15 IST 2026","SDOH Barriers - Regression @regression","regression\SDOHBarriers.spec.js","",""
"","15233","ONEVIEW-327: Verify 5-record limit @regression","chromium","Mon Mar 02 17:20:31 IST 2026","passed","Mon Mar 02 17:20:47 IST 2026","Recent Visits / Encounters - Regression @regression","regression\RecentVisits.spec.js","",""
"","25352","ONEVIEW-267: Functional_Verify Record Limit @regression","chromium","Mon Mar 02 16:48:16 IST 2026","passed","Mon Mar 02 16:48:41 IST 2026","ADT Alerts - Regression @regression","regression\ADTAlerts.spec.js","",""
"","23515","ONEVIEW-512: Verify Click Star to Mark Important @smoke","smoke","Mon Mar 02 16:30:05 IST 2026","passed","Mon Mar 02 16:30:28 IST 2026","Mark Cards as Important - Smoke Tests","smoke\MarkAsImportant.spec.js","",""
"","14421","ONEVIEW-234: Verify Barrier Status/Indicators","chromium","Mon Mar 02 17:25:19 IST 2026","passed","Mon Mar 02 17:25:34 IST 2026","SDOH Barriers - Regression @regression","regression\SDOHBarriers.spec.js","",""
"","18777","ONEVIEW-127: Verify Read-only Mode","chromium","Mon Mar 02 17:16:33 IST 2026","passed","Mon Mar 02 17:16:51 IST 2026","Patient Referrals - Regression @regression","regression\PatientReferrals.spec.js","",""
"","19151","ONEVIEW-301: Verify 10-condition display limit @regression","chromium","Mon Mar 02 17:10:40 IST 2026","passed","Mon Mar 02 17:10:59 IST 2026","Medical Diagnoses - Regression @regression","regression\MedicalDiagnoses.spec.js","",""
"","27945","ONEVIEW-347: Verify table sorting stability post-refresh @regression","chromium","Mon Mar 02 17:23:02 IST 2026","passed","Mon Mar 02 17:23:30 IST 2026","Recent Visits / Encounters - Regression @regression","regression\RecentVisits.spec.js","",""
"","23981","ONEVIEW-87: Verify Date Format Validation","chromium","Mon Mar 02 17:06:09 IST 2026","passed","Mon Mar 02 17:06:33 IST 2026","Health Plan Card - Regression @regression","regression\HealthPlan.spec.js","",""
"","20862","ONEVIEW-91: Verify Multiple Health Plan Handling","chromium","Mon Mar 02 17:07:02 IST 2026","passed","Mon Mar 02 17:07:23 IST 2026","Health Plan Card - Regression @regression","regression\HealthPlan.spec.js","",""
"","20423","ONEVIEW-173: Verify Consent Expiry Date","chromium","Mon Mar 02 16:57:29 IST 2026","passed","Mon Mar 02 16:57:50 IST 2026","Care Management Information - Regression @regression","regression\CareManagement.spec.js","",""
"","18092","ONEVIEW-167: Verify Assessment Completion Date","chromium","Mon Mar 02 16:56:32 IST 2026","passed","Mon Mar 02 16:56:50 IST 2026","Care Management Information - Regression @regression","regression\CareManagement.spec.js","",""
"","16951","ONEVIEW-128: Verify Status Color Coding","chromium","Mon Mar 02 17:16:34 IST 2026","passed","Mon Mar 02 17:16:51 IST 2026","Patient Referrals - Regression @regression","regression\PatientReferrals.spec.js","",""
"","21117","ONEVIEW-62: Verify provider name with title/prefix displayed correctly","chromium","Mon Mar 02 17:19:43 IST 2026","passed","Mon Mar 02 17:20:04 IST 2026","PCP Card - Regression @regression","regression\PCPCard.spec.js","",""
"","15958","ONEVIEW-328: Verify card title @regression","chromium","Mon Mar 02 17:20:36 IST 2026","passed","Mon Mar 02 17:20:52 IST 2026","Recent Visits / Encounters - Regression @regression","regression\RecentVisits.spec.js","",""
"","14761","ONEVIEW-135: Verify Search by Receiving Facility","chromium","Mon Mar 02 17:17:34 IST 2026","passed","Mon Mar 02 17:17:48 IST 2026","Patient Referrals - Regression @regression","regression\PatientReferrals.spec.js","",""
"","3279","Image Optimization - Mobile","chromium","Mon Mar 02 17:10:19 IST 2026","passed","Mon Mar 02 17:10:23 IST 2026","Login Page - Responsive Design Tests @regression > Mobile/Tablet Performance","regression\LoginResponsive.spec.js","",""
"","18818","ONEVIEW-101: View All opens modal @smoke","smoke","Mon Mar 02 16:31:28 IST 2026","passed","Mon Mar 02 16:31:47 IST 2026","Drill Down Medication Fill History - Smoke Tests","smoke\ModalMedicationFillHistory.spec.js","",""
"","23612","ONEVIEW-346: Verify pagination in modal @regression","chromium","Mon Mar 02 17:22:49 IST 2026","passed","Mon Mar 02 17:23:12 IST 2026","Recent Visits / Encounters - Regression @regression","regression\RecentVisits.spec.js","",""
"","22120","ONEVIEW-98: Verify Fill Date format","chromium","Mon Mar 02 17:13:35 IST 2026","passed","Mon Mar 02 17:13:57 IST 2026","Medication Fill History - Regression @regression","regression\MedicationFillHistory.spec.js","",""
"","22730","ONEVIEW-47: Verify important cards remain marked after re-login","chromium","Mon Mar 02 17:03:34 IST 2026","passed","Mon Mar 02 17:03:57 IST 2026","Dynamic Dashboard - Regression @regression","regression\DynamicDashboard.spec.js","",""
"","20942","ONEVIEW-46: Verify API structure and mapping","chromium","Mon Mar 02 17:03:13 IST 2026","passed","Mon Mar 02 17:03:34 IST 2026","Dynamic Dashboard - Regression @regression","regression\DynamicDashboard.spec.js","",""
"","18808","ONEVIEW-170: Verify 1915i Status","chromium","Mon Mar 02 16:56:59 IST 2026","passed","Mon Mar 02 16:57:18 IST 2026","Care Management Information - Regression @regression","regression\CareManagement.spec.js","",""
"","12770","ONEVIEW-352: Verify read-only view @smoke","smoke","Mon Mar 02 16:29:16 IST 2026","passed","Mon Mar 02 16:29:28 IST 2026","Immunizations - Smoke Tests","smoke\Immunizations.spec.js","",""
"","14950","ONEVIEW-393: Validate no records found message @regression","chromium","Mon Mar 02 17:24:29 IST 2026","passed","Mon Mar 02 17:24:44 IST 2026","Risk Stratification - Regression @regression","regression\RiskStratification.spec.js","",""
"","19647","ONEVIEW-102: Modal contains search bar @smoke","smoke","Mon Mar 02 16:31:47 IST 2026","passed","Mon Mar 02 16:32:06 IST 2026","Drill Down Medication Fill History - Smoke Tests","smoke\ModalMedicationFillHistory.spec.js","",""
"","18736","ONEVIEW-372: Less than 5 gaps @regression","chromium","Mon Mar 02 16:55:04 IST 2026","passed","Mon Mar 02 16:55:23 IST 2026","Care Gaps - Regression @regression","regression\CareGaps.spec.js","",""
"","19322","ONEVIEW-377: Validate info icon for each metric @regression","chromium","Mon Mar 02 16:55:41 IST 2026","passed","Mon Mar 02 16:56:00 IST 2026","Care Gaps - Regression @regression","regression\CareGaps.spec.js","",""
